Term,TF-IDF
protein,0.03045811215443881
learning,0.027442125367952992
data,0.027249278846440673
based,0.025019466176005135
prediction,0.023756989551419447
machine,0.02268751561311437
model,0.02238030869227799
using,0.02131923293504644
patients,0.02043750633724395
genes,0.019671197287262385
disease,0.019666742115531634
methods,0.019655220640699526
gene,0.019176767216582034
models,0.01887131363555821
proteins,0.01875148797150959
method,0.01840966638461184
features,0.01838894670349228
expression,0.01798068553392802
analysis,0.01785885826553599
cell,0.01744686209711687
cancer,0.01707412140476061
drug,0.01701529347297174
classification,0.0168885250976738
performance,0.01647260604374521
network,0.016201665370136193
approach,0.015327011026760337
abstract,0.015279933512416896
title,0.01440476638596115
rna,0.01425208093631895
results,0.014077308538454781
accuracy,0.013955371136327428
available,0.013933263161929065
predict,0.013795033884382588
sequence,0.013632830681489998
used,0.013553844310689258
clinical,0.01340773065111061
neural,0.012875440264187027
binding,0.012711857009672301
structure,0.012665452579418241
dna,0.012629370067567048
different,0.012562157756659177
deep,0.012370131798064983
covid,0.012359498650511419
biological,0.01233978193870525
feature,0.012299223450034862
high,0.012048747310673104
cells,0.011998075058962472
function,0.011955855777995709
biomarkers,0.011816684253743166
19,0.011607857597788235
study,0.0112228656988873
identify,0.01120355453373062
computational,0.011037036580072056
information,0.010998474643794068
samples,0.01095662572482974
multi,0.010868304077246867
identified,0.010690804700656557
networks,0.01048096093006138
new,0.01041814350684433
datasets,0.010371780292657345
genome,0.010289494456209018
identification,0.010143272786014597
type,0.010116166467767343
predicting,0.009880221336405546
single,0.009718520585139848
specific,0.009690344627927323
methylation,0.009451827097964424
sequences,0.009343570480101406
validation,0.009288170556955933
non,0.009252458483239388
discovery,0.009155964125428627
use,0.009137974572577635
number,0.009084531209110847
novel,0.00908306995633352
algorithm,0.009023684976856659
multiple,0.009019758730467347
predictions,0.009012808758164419
screening,0.009011489295377094
training,0.008970915892954585
ml,0.008916976767776225
image,0.008876687897500412
large,0.008830010906237825
set,0.008809180272606552
parameters,0.00872241733436717
drugs,0.008708196752294036
algorithms,0.008552556990328794
peptide,0.008508056814076419
potential,0.008489427440609935
research,0.00847308355485646
human,0.00846252964230664
molecules,0.008442732135627191
accurate,0.00842156343540134
complex,0.00841922116055222
proposed,0.008336042113534869
developed,0.008269651163485232
tool,0.0082502868885092
contact,0.008238294043346871
present,0.008229950552829081
sites,0.00822226956522477
selection,0.00814928666459999
molecular,0.008109632944739778
background,0.008077940092821763
classifiers,0.008057277383030869
development,0.008037411253502534
functional,0.008027111058721116
time,0.008022992181298134
clustering,0.008016553453679588
existing,0.007995248742119893
sup,0.007990749653129358
disorder,0.007957496683959104
specificity,0.007925646238419466
cross,0.007835115284146248
individual,0.007833262583029585
auc,0.007670915382896518
related,0.007624420245163412
design,0.007617430753512028
compared,0.007580502253703857
genetic,0.0075763629771947874
tools,0.007505914578838055
biomarker,0.007500502177782095
diagnosis,0.00740256193868509
trained,0.007379923863341504
dataset,0.007306825573544941
lung,0.007299144650198848
types,0.007282788678983375
important,0.007274000991362267
plasmid,0.007268567170126049
regression,0.007233927380348579
cohort,0.007164697189142882
identifying,0.007161477618399262
associated,0.007156355906437104
acid,0.007150533779429689
techniques,0.007133836738289186
risk,0.007131193538017419
better,0.007093769156391236
svm,0.007076349877413563
predictive,0.007031936932336705
state,0.007007493878802231
95,0.007006889546333535
pipeline,0.006969261947386477
problem,0.006941212326192329
graph,0.006892824187465153
diseases,0.006844920127029964
random,0.006823482749961452
structural,0.0068165897586634095
approaches,0.006815942534942654
performed,0.006775110727494945
wide,0.0067735091403677535
experimental,0.006739163272624173
genomic,0.006735628794096349
phage,0.0067221667958060624
negative,0.006689706491160565
demonstrate,0.006630037386638013
residue,0.006604437872463848
applied,0.006598109013580872
studies,0.006596592256681233
highly,0.006502888823546137
age,0.006485679781083042
source,0.006461636209583527
known,0.006377416454915687
significantly,0.006355864035465947
best,0.006347353120004819
significant,0.006346815320153633
processes,0.00634425638253983
ms,0.006341301608583524
sensitivity,0.00631795650344582
mirnas,0.006292341329246616
framework,0.006275924827478339
evaluation,0.00625636088966788
generated,0.006194247955399226
process,0.006181333868763629
support,0.0061755640637310375
targets,0.006175538764367591
classifier,0.006168205401766069
target,0.006150707073707821
including,0.006083017553305909
vector,0.006070776043255003
case,0.006048416002787873
compounds,0.00604698621664688
improve,0.006044554380253989
tissue,0.005997343385190753
achieved,0.005982212081557997
provides,0.005974917735309502
long,0.005948523656575899
patterns,0.005905867535736313
predicted,0.005894212303600559
sets,0.00589278089383342
healthy,0.005884021590788892
predictor,0.005871169909270466
knowledge,0.005871144020946566
database,0.005840074140338543
markers,0.005829317655000054
art,0.0058060594060935005
early,0.005802902062935856
properties,0.005771835655580384
level,0.00576888229593268
conclusions,0.005758720751557563
species,0.005714635361135305
seq,0.00569115068734788
showed,0.005652366052683643
effective,0.005647015855678675
ensemble,0.005636400276587461
interactions,0.005634185093173929
modeling,0.005633474040104383
profiles,0.005620419904753981
test,0.005616419771851139
targeted,0.005595426763953409
chemical,0.00555151795974182
area,0.00554251087478039
conditions,0.005533948456306439
higher,0.005533319920699069
conclusion,0.005529199023177626
ci,0.005523734097020403
provide,0.00551949869396366
levels,0.005512249364470128
similar,0.005505813138250127
mirna,0.005504904939754662
positive,0.005422439211604809
understanding,0.00538631890197361
peptides,0.005360508330718981
effects,0.005347213547261274
treatment,0.005331793692280467
systems,0.005331385799034287
various,0.005328069932460338
tumor,0.0053124753895769155
structures,0.005297666067504128
efficient,0.00529203612939944
chromatin,0.005285326697833277
subjects,0.0052738816978370705
experiments,0.005222855252997358
independent,0.005206074581342311
value,0.005195443474674634
regions,0.005179148011707712
domain,0.005155472636826512
propose,0.005117248063942439
ligand,0.00511708060214632
factors,0.005098780386480258
respectively,0.005082525237721341
improved,0.005071872028945116
forest,0.005067694135344082
10,0.005062040617741009
work,0.005054513760883838
optimal,0.005045299066232573
problems,0.005043482194985932
strategy,0.005036902871834882
localization,0.005022066505903464
cognitive,0.005014180643081693
bacterial,0.0050024312609149284
score,0.004997590341264916
survival,0.004993014747286594
breast,0.00498422541420587
animal,0.004962577070717633
cpg,0.00495090297541992
testing,0.00493436817579274
relevant,0.004929252785600441
prognostic,0.004900868933770159
control,0.004896878816683824
interaction,0.004879169258031289
statistical,0.0048697125753118095
good,0.004854964014618444
develop,0.004844232403093173
functions,0.0048324077520702875
selected,0.004831735338843262
http,0.0048079570549191784
activity,0.004789632163837075
ability,0.004789423675841138
controls,0.004788717907637382
recent,0.00478740830791939
input,0.004770834798174688
values,0.004763230862481569
natural,0.004728466036934903
sequencing,0.004727074151958237
useful,0.0047180370407318315
common,0.004715472802397415
blood,0.004714529189478233
called,0.0046873458158773855
literature,0.004683975363896702
paper,0.004681617208505598
omics,0.004680922636698925
amino,0.0046741129384383654
signatures,0.0046464920973847915
open,0.004636404739603408
virtual,0.004636153494874663
affinity,0.004624572579379526
regulatory,0.00461433246433384
patient,0.004603244323818363
scale,0.004581917395362637
researchers,0.004581741603059994
inference,0.004575579302464145
splicing,0.004560401139631496
end,0.004557628950638392
https,0.00455621773052617
individuals,0.0045461732591049325
repair,0.004533944005907617
developing,0.004516674294577278
precision,0.004502949443093716
biomedical,0.0044973842735938655
urine,0.004489549298154362
segmentation,0.004487312725753312
range,0.004469374066878785
limited,0.004459469619800396
variation,0.004457233325309739
response,0.004456611311066618
brain,0.004451101969685805
mass,0.004443536782587193
help,0.004443449833565479
families,0.004438547637330787
average,0.004435382282167583
signature,0.004432027511515007
bioinformatics,0.004429201377262722
scientific,0.004424796521122062
small,0.0044104957439070345
github,0.004404844612786024
diagnostic,0.004403694560478441
addition,0.0043898616928456325
validated,0.004381962857131818
changes,0.004377241556874826
plant,0.004374964513301875
language,0.004358604868983603
populations,0.004333689026564519
tested,0.004331710631297532
able,0.0043313500558235804
detection,0.004323995535894573
active,0.004323927436373608
subcellular,0.004320301362280099
immune,0.004308025510795675
groups,0.004280956185206462
classify,0.004273278956199449
ad,0.004269239172770048
lasso,0.0042433577580781555
accurately,0.004243086471587776
effectively,0.00423850699428176
role,0.004233312021236921
characteristic,0.004216944492458838
train,0.0042036556975989774
robust,0.004203471217132787
association,0.0041866887518602295
unknown,0.004183228741508405
recently,0.004180240091478774
challenging,0.00417764807888003
condition,0.004176448711684723
images,0.0041727492975194526
unsupervised,0.004157111188349969
comprehensive,0.004156274019569428
throughput,0.004154634559042794
like,0.004151693912743794
evaluate,0.004151614325854295
cases,0.004131046236389118
sample,0.004129161072048688
involved,0.0041140682002918675
combined,0.004107810890824528
promising,0.004103956350339853
scoring,0.004100314269124891
overall,0.004091601542723729
achieve,0.004068167073081364
evaluated,0.004067644919371069
health,0.004063119583833427
importance,0.004058491039103644
associations,0.004051452955676508
low,0.0040512269707438766
measured,0.004050630801680413
facilitate,0.004041216066061829
efficiency,0.004035397747961481
therapeutic,0.004032013948074786
major,0.004030788211928204
capable,0.004028770080186576
quality,0.004026442975148837
previous,0.004023707354106899
impairment,0.004010503916769396
combination,0.004002053825478084
iii,0.004000799387179156
web,0.0039869194428221255
therapy,0.003967788848267615
coding,0.003964926625094852
biology,0.003964735565662136
homology,0.003960836475287444
metrics,0.003953520706364514
total,0.003950311061997839
cellular,0.003949471669897748
supervised,0.003948866151004576
reliable,0.003944292923916041
finally,0.003939069516732471
concept,0.003927830963759446
essential,0.003907306755177679
field,0.0039001796047091735
variants,0.0038987615305665496
complexes,0.0038969101456486285
stable,0.003895397962060074
assays,0.0038909169719915657
code,0.0038705294976693312
evolution,0.0038631516701901473
com,0.0038619556636403105
rare,0.0038588203660608286
artificial,0.003854172913837951
years,0.003851120369987089
size,0.0038447453790430826
continuous,0.003842491873042756
rf,0.00383382561727089
extract,0.0038174050206074414
stability,0.003812445771382923
group,0.0038020693649175037
ca,0.0037923850569981784
dimensional,0.003789667979849868
distinct,0.003787007744747587
interactive,0.003773251486473931
3d,0.00377193855815936
profiling,0.0037716566402489363
viruses,0.0037439849741142425
reduce,0.0037387431279273177
previously,0.0037369995898545536
alzheimer,0.0037315635648025756
informative,0.00372999533859791
server,0.003724918928379912
hmm,0.0036914567719282462
snp,0.0036877727014191083
embeddings,0.0036872611344717986
analyses,0.003685837301809031
class,0.0036852513949629257
obtained,0.00368006744140491
freely,0.003679393858923792
measurements,0.00366297467444832
application,0.003661079215038869
obtain,0.003660128396205846
circulating,0.0036549485102285346
sub,0.0036504146080602704
domains,0.0036437089698228317
task,0.0036399514490293465
scores,0.0036264260847817514
free,0.0036126422811311528
fdrs,0.0036072810160064795
il,0.0036017677892565755
ra,0.0035997560553210858
increase,0.003597146581903489
cost,0.003593245462632808
mean,0.0035826336420340093
user,0.003582500653344726
step,0.0035784667208220546
linear,0.0035745554770773838
collected,0.0035743226861258285
pathways,0.003566666934412284
successfully,0.0035656514223505187
combining,0.0035633741648916015
names,0.0035625480867394806
82,0.0035613430542157046
heterogeneous,0.003561141519884364
additionally,0.0035594173833307344
environmental,0.0035505752157205645
applications,0.0035442582393197903
implementation,0.0035354994907910984
rate,0.003530321057978907
curve,0.0035287224912916694
key,0.003525235009130372
global,0.003508516927208348
enables,0.0035025587912039294
bioactivity,0.003495916773202279
challenge,0.003492911491319729
receiver,0.0034922848708759504
technique,0.003488513288864923
mlcps,0.00347524214106726
widely,0.0034748009587236704
findings,0.0034701745237585937
shows,0.0034674775359903893
report,0.0034536150108884496
viral,0.0034524976826282357
bsep,0.003445355238526892
metabolic,0.003436786799328696
transcriptome,0.003434833759128979
prognosis,0.0034319878134128506
publicly,0.0034312232848444355
assay,0.00342519600105054
residues,0.0034145018848194607
architecture,0.0034124596806244054
metabolites,0.003398817699507464
resource,0.0033962000213275194
edu,0.0033960212646389327
inhibitors,0.003392720455251348
radiomics,0.003392560656811341
80,0.0033880808053366367
carcinoma,0.00338623233263923
convolutional,0.0033807889842838936
allows,0.0033717680722737875
traditional,0.0033668837980219005
sampn,0.0033639824521094373
operating,0.0033579072164499294
deepprotacs,0.0033561693949436607
current,0.0033543450034319157
ires,0.003344169370922479
motifs,0.003318371879985194
scz,0.0033065161326216296
observed,0.003304949846352899
spheroid,0.003299810572341959
omic,0.0032997254014777233
alignment,0.0032972675383446544
nucleotide,0.003295454124748808
dl,0.0032831076379644573
layer,0.0032827961532992922
roles,0.003271764773058643
rcc,0.003269565340748872
prot,0.0032675880476465283
