Term,TF-IDF,Category
protein,0.0304581121544388,ML
learning,0.0274421253679529,ML
data,0.0272492788464406,ML
based,0.0250194661760051,ML
prediction,0.0237569895514194,Other
machine,0.0226875156131143,ML
model,0.0223803086922779,ML
using,0.0213192329350464,ML
patients,0.0204375063372439,ML
genes,0.0196711972872623,ML
disease,0.0196667421155316,ML
methods,0.0196552206406995,ML
gene,0.019176767216582,ML
models,0.0188713136355582,Other
proteins,0.0187514879715095,Other
method,0.0184096663846118,Other
features,0.0183889467034922,Other
expression,0.017980685533928,Other
analysis,0.0178588582655359,Other
cell,0.0174468620971168,Other
cancer,0.0170741214047606,Other
drug,0.0170152934729717,Other
classification,0.0168885250976738,Other
performance,0.0164726060437452,Other
network,0.0162016653701361,Other
approach,0.0153270110267603,Other
abstract,0.0152799335124168,Other
title,0.0144047663859611,Other
rna,0.0142520809363189,Other
results,0.0140773085384547,Other
accuracy,0.0139553711363274,Other
available,0.013933263161929,Other
predict,0.0137950338843825,Other
sequence,0.0136328306814899,Other
used,0.0135538443106892,Other
clinical,0.0134077306511106,Other
neural,0.012875440264187,Other
binding,0.0127118570096723,Other
structure,0.0126654525794182,Other
dna,0.012629370067567,Other
different,0.0125621577566591,Other
deep,0.0123701317980649,Other
covid,0.0123594986505114,Other
biological,0.0123397819387052,Other
feature,0.0122992234500348,Other
high,0.0120487473106731,Other
cells,0.0119980750589624,Other
function,0.0119558557779957,Other
biomarkers,0.0118166842537431,Other
19,0.0116078575977882,Other
study,0.0112228656988873,Other
identify,0.0112035545337306,Other
computational,0.011037036580072,Other
information,0.010998474643794,Other
samples,0.0109566257248297,Other
multi,0.0108683040772468,Other
identified,0.0106908047006565,Other
networks,0.0104809609300613,Other
new,0.0104181435068443,Other
datasets,0.0103717802926573,Other
genome,0.010289494456209,Other
identification,0.0101432727860145,Other
type,0.0101161664677673,Other
predicting,0.0098802213364055,Other
single,0.0097185205851398,Other
specific,0.0096903446279273,Other
methylation,0.0094518270979644,Other
sequences,0.0093435704801014,Other
validation,0.0092881705569559,Other
non,0.0092524584832393,Other
discovery,0.0091559641254286,Other
use,0.0091379745725776,Other
number,0.0090845312091108,Other
novel,0.0090830699563335,Other
algorithm,0.0090236849768566,Other
multiple,0.0090197587304673,Other
predictions,0.0090128087581644,Other
screening,0.009011489295377,Other
training,0.0089709158929545,Other
ml,0.0089169767677762,Other
image,0.0088766878975004,Other
large,0.0088300109062378,Other
set,0.0088091802726065,Other
parameters,0.0087224173343671,Other
drugs,0.008708196752294,Other
algorithms,0.0085525569903287,Other
peptide,0.0085080568140764,Other
potential,0.0084894274406099,Other
research,0.0084730835548564,Other
human,0.0084625296423066,Other
molecules,0.0084427321356271,Other
accurate,0.0084215634354013,Other
complex,0.0084192211605522,Other
proposed,0.0083360421135348,Other
developed,0.0082696511634852,Other
tool,0.0082502868885092,Other
contact,0.0082382940433468,Other
present,0.008229950552829,Other
sites,0.0082222695652247,Other
selection,0.0081492866645999,Other
molecular,0.0081096329447397,Other
background,0.0080779400928217,Other
classifiers,0.0080572773830308,Other
development,0.0080374112535025,Other
functional,0.0080271110587211,Other
time,0.0080229921812981,Other
clustering,0.0080165534536795,Other
existing,0.0079952487421198,Other
sup,0.0079907496531293,Other
disorder,0.0079574966839591,Other
specificity,0.0079256462384194,Other
cross,0.0078351152841462,Other
individual,0.0078332625830295,Other
auc,0.0076709153828965,Other
related,0.0076244202451634,Other
design,0.007617430753512,Other
compared,0.0075805022537038,Other
genetic,0.0075763629771947,Other
tools,0.007505914578838,Other
biomarker,0.007500502177782,Other
diagnosis,0.007402561938685,Other
trained,0.0073799238633415,Other
dataset,0.0073068255735449,Other
lung,0.0072991446501988,Other
types,0.0072827886789833,Other
important,0.0072740009913622,Other
plasmid,0.007268567170126,Other
regression,0.0072339273803485,Other
cohort,0.0071646971891428,Other
identifying,0.0071614776183992,Other
associated,0.0071563559064371,Other
acid,0.0071505337794296,Other
techniques,0.0071338367382891,Other
risk,0.0071311935380174,Other
better,0.0070937691563912,Other
svm,0.0070763498774135,Other
predictive,0.0070319369323367,Other
state,0.0070074938788022,Other
95,0.0070068895463335,Other
pipeline,0.0069692619473864,Other
problem,0.0069412123261923,Other
graph,0.0068928241874651,Other
diseases,0.0068449201270299,Other
random,0.0068234827499614,Other
structural,0.0068165897586634,Other
approaches,0.0068159425349426,Other
performed,0.0067751107274949,Other
wide,0.0067735091403677,Other
experimental,0.0067391632726241,Other
genomic,0.0067356287940963,Other
phage,0.006722166795806,Other
negative,0.0066897064911605,Other
demonstrate,0.006630037386638,Other
residue,0.0066044378724638,Other
applied,0.0065981090135808,Other
studies,0.0065965922566812,Other
highly,0.0065028888235461,Other
age,0.006485679781083,Other
source,0.0064616362095835,Other
known,0.0063774164549156,Other
significantly,0.0063558640354659,Other
best,0.0063473531200048,Other
significant,0.0063468153201536,Other
processes,0.0063442563825398,Other
ms,0.0063413016085835,Other
sensitivity,0.0063179565034458,Other
mirnas,0.0062923413292466,Other
framework,0.0062759248274783,Other
evaluation,0.0062563608896678,Other
generated,0.0061942479553992,Other
process,0.0061813338687636,Other
support,0.006175564063731,Other
targets,0.0061755387643675,Other
classifier,0.006168205401766,Other
target,0.0061507070737078,Other
including,0.0060830175533059,Other
vector,0.006070776043255,Other
case,0.0060484160027878,Other
compounds,0.0060469862166468,Other
improve,0.0060445543802539,Other
tissue,0.0059973433851907,Other
achieved,0.0059822120815579,Other
provides,0.0059749177353095,Other
long,0.0059485236565758,Other
patterns,0.0059058675357363,Other
predicted,0.0058942123036005,Other
sets,0.0058927808938334,Other
healthy,0.0058840215907888,Other
predictor,0.0058711699092704,Other
knowledge,0.0058711440209465,Other
database,0.0058400741403385,Other
markers,0.005829317655,Other
art,0.0058060594060935,Other
early,0.0058029020629358,Other
properties,0.0057718356555803,Other
level,0.0057688822959326,Other
conclusions,0.0057587207515575,Other
species,0.0057146353611353,Other
seq,0.0056911506873478,Other
showed,0.0056523660526836,Other
effective,0.0056470158556786,Other
ensemble,0.0056364002765874,Other
interactions,0.0056341850931739,Other
modeling,0.0056334740401043,Other
profiles,0.0056204199047539,Other
test,0.0056164197718511,Other
targeted,0.0055954267639534,Other
chemical,0.0055515179597418,Other
area,0.0055425108747803,Other
conditions,0.0055339484563064,Other
higher,0.005533319920699,Other
conclusion,0.0055291990231776,Other
ci,0.0055237340970204,Other
provide,0.0055194986939636,Other
levels,0.0055122493644701,Other
similar,0.0055058131382501,Other
mirna,0.0055049049397546,Other
positive,0.0054224392116048,Other
understanding,0.0053863189019736,Other
peptides,0.0053605083307189,Other
effects,0.0053472135472612,Other
treatment,0.0053317936922804,Other
systems,0.0053313857990342,Other
various,0.0053280699324603,Other
tumor,0.0053124753895769,Other
structures,0.0052976660675041,Other
efficient,0.0052920361293994,Other
chromatin,0.0052853266978332,Other
subjects,0.005273881697837,Other
experiments,0.0052228552529973,Other
independent,0.0052060745813423,Other
value,0.0051954434746746,Other
regions,0.0051791480117077,Other
domain,0.0051554726368265,Other
propose,0.0051172480639424,Other
ligand,0.0051170806021463,Other
factors,0.0050987803864802,Other
respectively,0.0050825252377213,Other
improved,0.0050718720289451,Other
forest,0.005067694135344,Other
10,0.005062040617741,Other
work,0.0050545137608838,Other
optimal,0.0050452990662325,Other
problems,0.0050434821949859,Other
strategy,0.0050369028718348,Other
localization,0.0050220665059034,Other
cognitive,0.0050141806430816,Other
bacterial,0.0050024312609149,Other
score,0.0049975903412649,Other
survival,0.0049930147472865,Other
breast,0.0049842254142058,Other
animal,0.0049625770707176,Other
cpg,0.0049509029754199,Other
testing,0.0049343681757927,Other
relevant,0.0049292527856004,Other
prognostic,0.0049008689337701,Other
control,0.0048968788166838,Other
interaction,0.0048791692580312,Other
statistical,0.0048697125753118,Other
good,0.0048549640146184,Other
develop,0.0048442324030931,Other
functions,0.0048324077520702,Other
selected,0.0048317353388432,Other
http,0.0048079570549191,Other
activity,0.004789632163837,Other
ability,0.0047894236758411,Other
controls,0.0047887179076373,Other
recent,0.0047874083079193,Other
input,0.0047708347981746,Other
values,0.0047632308624815,Other
natural,0.0047284660369349,Other
sequencing,0.0047270741519582,Other
useful,0.0047180370407318,Other
common,0.0047154728023974,Other
blood,0.0047145291894782,Other
called,0.0046873458158773,Other
literature,0.0046839753638967,Other
paper,0.0046816172085055,Other
omics,0.0046809226366989,Other
amino,0.0046741129384383,Other
signatures,0.0046464920973847,Other
open,0.0046364047396034,Other
virtual,0.0046361534948746,Other
affinity,0.0046245725793795,Other
regulatory,0.0046143324643338,Other
patient,0.0046032443238183,Other
scale,0.0045819173953626,Other
researchers,0.0045817416030599,Other
inference,0.0045755793024641,Other
splicing,0.0045604011396314,Other
end,0.0045576289506383,Other
https,0.0045562177305261,Other
individuals,0.0045461732591049,Other
repair,0.0045339440059076,Other
developing,0.0045166742945772,Other
precision,0.0045029494430937,Other
biomedical,0.0044973842735938,Other
urine,0.0044895492981543,Other
segmentation,0.0044873127257533,Other
range,0.0044693740668787,Other
limited,0.0044594696198003,Other
variation,0.0044572333253097,Other
response,0.0044566113110666,Other
brain,0.0044511019696858,Other
mass,0.0044435367825871,Other
help,0.0044434498335654,Other
families,0.0044385476373307,Other
average,0.0044353822821675,Other
signature,0.004432027511515,Other
bioinformatics,0.0044292013772627,Other
scientific,0.004424796521122,Other
small,0.004410495743907,Other
github,0.004404844612786,Other
diagnostic,0.0044036945604784,Other
addition,0.0043898616928456,Other
validated,0.0043819628571318,Other
changes,0.0043772415568748,Other
plant,0.0043749645133018,Other
language,0.0043586048689836,Other
populations,0.0043336890265645,Other
tested,0.0043317106312975,Other
able,0.0043313500558235,Other
detection,0.0043239955358945,Other
active,0.0043239274363736,Other
subcellular,0.00432030136228,Other
immune,0.0043080255107956,Other
groups,0.0042809561852064,Other
classify,0.0042732789561994,Other
ad,0.00426923917277,Other
lasso,0.0042433577580781,Other
accurately,0.0042430864715877,Other
effectively,0.0042385069942817,Other
role,0.0042333120212369,Other
characteristic,0.0042169444924588,Other
train,0.0042036556975989,Other
robust,0.0042034712171327,Other
association,0.0041866887518602,Other
unknown,0.0041832287415084,Other
recently,0.0041802400914787,Other
challenging,0.00417764807888,Other
condition,0.0041764487116847,Other
images,0.0041727492975194,Other
unsupervised,0.0041571111883499,Other
comprehensive,0.0041562740195694,Other
throughput,0.0041546345590427,Other
like,0.0041516939127437,Other
evaluate,0.0041516143258542,Other
cases,0.0041310462363891,Other
sample,0.0041291610720486,Other
involved,0.0041140682002918,Other
combined,0.0041078108908245,Other
promising,0.0041039563503398,Other
scoring,0.0041003142691248,Other
overall,0.0040916015427237,Other
achieve,0.0040681670730813,Other
evaluated,0.004067644919371,Other
health,0.0040631195838334,Other
importance,0.0040584910391036,Other
associations,0.0040514529556765,Other
low,0.0040512269707438,Other
measured,0.0040506308016804,Other
facilitate,0.0040412160660618,Other
efficiency,0.0040353977479614,Other
therapeutic,0.0040320139480747,Other
major,0.0040307882119282,Other
capable,0.0040287700801865,Other
quality,0.0040264429751488,Other
previous,0.0040237073541068,Other
impairment,0.0040105039167693,Other
combination,0.004002053825478,Other
iii,0.0040007993871791,Other
web,0.0039869194428221,Other
therapy,0.0039677888482676,Other
coding,0.0039649266250948,Other
biology,0.0039647355656621,Other
homology,0.0039608364752874,Other
metrics,0.0039535207063645,Other
total,0.0039503110619978,Other
cellular,0.0039494716698977,Other
supervised,0.0039488661510045,Other
reliable,0.003944292923916,Other
finally,0.0039390695167324,Other
concept,0.0039278309637594,Other
essential,0.0039073067551776,Other
field,0.0039001796047091,Other
variants,0.0038987615305665,Other
complexes,0.0038969101456486,Other
stable,0.00389539796206,Other
assays,0.0038909169719915,Other
code,0.0038705294976693,Other
evolution,0.0038631516701901,Other
com,0.0038619556636403,Other
rare,0.0038588203660608,Other
artificial,0.0038541729138379,Other
years,0.003851120369987,Other
size,0.003844745379043,Other
continuous,0.0038424918730427,Other
rf,0.0038338256172708,Other
extract,0.0038174050206074,Other
stability,0.0038124457713829,Other
group,0.0038020693649175,Other
ca,0.0037923850569981,Other
dimensional,0.0037896679798498,Other
distinct,0.0037870077447475,Other
interactive,0.0037732514864739,Other
3d,0.0037719385581593,Other
profiling,0.0037716566402489,Other
viruses,0.0037439849741142,Other
reduce,0.0037387431279273,Other
previously,0.0037369995898545,Other
alzheimer,0.0037315635648025,Other
informative,0.0037299953385979,Other
server,0.0037249189283799,Other
hmm,0.0036914567719282,Other
snp,0.0036877727014191,Other
embeddings,0.0036872611344717,Other
analyses,0.003685837301809,Other
class,0.0036852513949629,Other
obtained,0.0036800674414049,Other
freely,0.0036793938589237,Other
measurements,0.0036629746744483,Other
application,0.0036610792150388,Other
obtain,0.0036601283962058,Other
circulating,0.0036549485102285,Other
sub,0.0036504146080602,Other
domains,0.0036437089698228,Other
task,0.0036399514490293,Other
scores,0.0036264260847817,Other
free,0.0036126422811311,Other
fdrs,0.0036072810160064,Other
il,0.0036017677892565,Other
ra,0.003599756055321,Other
increase,0.0035971465819034,Other
cost,0.0035932454626328,Other
mean,0.003582633642034,Other
user,0.0035825006533447,Other
step,0.003578466720822,Other
linear,0.0035745554770773,Other
collected,0.0035743226861258,Other
pathways,0.0035666669344122,Other
successfully,0.0035656514223505,Other
combining,0.0035633741648916,Other
names,0.0035625480867394,Other
82,0.0035613430542157,Other
heterogeneous,0.0035611415198843,Other
additionally,0.0035594173833307,Other
environmental,0.0035505752157205,Other
applications,0.0035442582393197,Other
implementation,0.003535499490791,Other
rate,0.0035303210579789,Other
curve,0.0035287224912916,Other
key,0.0035252350091303,Other
global,0.0035085169272083,Other
enables,0.0035025587912039,Other
bioactivity,0.0034959167732022,Other
challenge,0.0034929114913197,Other
receiver,0.0034922848708759,Other
technique,0.0034885132888649,Other
mlcps,0.0034752421410672,Other
widely,0.0034748009587236,Other
findings,0.0034701745237585,Other
shows,0.0034674775359903,Other
report,0.0034536150108884,Other
viral,0.0034524976826282,Other
bsep,0.0034453552385268,Other
metabolic,0.0034367867993286,Other
transcriptome,0.0034348337591289,Other
prognosis,0.0034319878134128,Other
publicly,0.0034312232848444,Other
assay,0.0034251960010505,Other
residues,0.0034145018848194,Other
architecture,0.0034124596806244,Other
metabolites,0.0033988176995074,Other
resource,0.0033962000213275,Other
edu,0.0033960212646389,Other
inhibitors,0.0033927204552513,Other
radiomics,0.0033925606568113,Other
80,0.0033880808053366,Other
carcinoma,0.0033862323326392,Other
convolutional,0.0033807889842838,Other
allows,0.0033717680722737,Other
traditional,0.0033668837980219,Other
sampn,0.0033639824521094,Other
operating,0.0033579072164499,Other
deepprotacs,0.0033561693949436,Other
current,0.0033543450034319,Other
ires,0.0033441693709224,Other
motifs,0.0033183718799851,Other
scz,0.0033065161326216,Other
observed,0.0033049498463528,Other
spheroid,0.0032998105723419,Other
omic,0.0032997254014777,Other
alignment,0.0032972675383446,Other
nucleotide,0.0032954541247488,Other
dl,0.0032831076379644,Other
layer,0.0032827961532992,Other
roles,0.0032717647730586,Other
rcc,0.0032695653407488,Other
prot,0.0032675880476465,Other
